"","effect","term","estimate","std.error","statistic","conf.low","conf.high","icc","value","R squared"
"1","fixed","(Intercept)",4.50550409484321,0.118253003115785,38.1005469301423,4.27373246767257,4.73727572201385,NA,NA,NA
"2","fixed","tipm.E",0.161384219297998,0.01530249656345,10.5462673119277,0.131391877160088,0.191376561435908,NA,NA,NA
"3","fixed","tipm.N",-0.210519477093007,0.0170821111298711,-12.3239730436407,-0.243999799687465,-0.177039154498548,NA,NA,NA
"4",NA,NA,NA,NA,NA,NA,NA,"icc",0.741986261766127,NA
"5",NA,NA,NA,NA,NA,NA,NA,NA,-0.0606299425534873,"(Intercept)"
"6",NA,NA,NA,NA,NA,NA,NA,NA,0.260493504401812,"Residual"
